model,MAE,RMSE,R2
Linear Regression - all features,0.5035304415524375,0.624519930798013,0.4031803412796219
Linear Regression - top 8 selected features,0.5062120061229037,0.6265362500348376,0.3993203473597906
